timestamps,open,high,low,close,volume,amount
2023-02-09,12.9,15.11,12.9,15.0,13569476,186937709.0
2023-02-10,13.68,13.68,12.11,12.15,8872005,113560773.0
2023-02-13,11.95,12.23,11.33,11.97,3489435,40996965.0
2023-02-14,11.98,12.13,11.47,11.58,2860859,33451449.999999996
2023-02-15,11.44,12.11,11.41,11.74,2901914,34378685.0
2023-02-16,11.76,11.99,11.47,11.53,2140782,24934100.0
2023-02-17,11.53,11.58,11.17,11.25,2005338,22685040.0
2023-02-20,11.38,11.5,11.22,11.33,1213164,13797881.0
2023-02-21,11.28,11.3,11.03,11.09,1717086,19117958.0
2023-02-22,11.07,11.18,10.98,11.11,575868,6393448.0
2023-02-23,11.16,11.18,10.77,10.79,1191616,13008425.0
2023-02-24,10.62,11.19,10.62,10.9,1175760,12955366.0
2023-02-27,10.8,10.85,10.65,10.69,812857,8708575.0
2023-02-28,10.76,10.8,10.64,10.76,598997,6421619.0
2023-03-01,10.78,10.79,10.66,10.68,544459,5825829.0
2023-03-02,10.69,10.71,10.5,10.51,660740,6998388.0
2023-03-03,10.42,10.53,10.28,10.35,488299,5065903.0
2023-03-06,10.37,10.43,10.32,10.36,336367,3484995.0
2023-03-07,10.34,10.34,10.1,10.14,666398,6796165.0
2023-03-08,10.1,10.16,10.05,10.15,429901,4334644.0
2023-03-09,10.22,10.22,10.03,10.05,298533,3008971.0
2023-03-10,10.09,10.1,10.0,10.02,243268,2441914.0
2023-03-13,10.0,10.0,9.9,9.94,268370,2665309.0
2023-03-14,9.91,9.94,9.71,9.76,289765,2842332.0
2023-03-15,9.8,9.88,9.74,9.83,201995,1976789.0
2023-03-16,9.8,9.87,9.58,9.58,339839,3288178.0
2023-03-17,9.61,9.65,9.51,9.56,242443,2314486.0
2023-03-20,9.6,9.6,9.44,9.44,191334,1810845.0
2023-03-21,9.44,9.68,9.44,9.66,178111,1703623.0
2023-03-22,9.7,9.71,9.62,9.64,166295,1607783.0
2023-03-23,9.63,9.65,9.45,9.5,229495,2181019.0
2023-03-24,9.6,9.6,9.44,9.53,205210,1947364.0
2023-03-27,9.64,9.82,9.53,9.63,383263,3715095.0
2023-03-28,9.63,9.65,9.56,9.57,104743,1005705.0
2023-03-29,9.55,9.58,9.41,9.53,173001,1642300.0
2023-03-30,9.46,9.51,9.4,9.47,190986,1800957.0
2023-03-31,9.43,9.48,9.4,9.46,152235,1437211.0
2023-04-03,9.47,9.53,9.39,9.39,217637,2049510.0000000002
2023-04-04,9.4,9.42,9.35,9.39,107259,1005700.0
2023-04-06,9.35,9.38,9.3,9.36,291805,2719302.0
2023-04-07,9.26,9.36,9.25,9.31,156406,1455474.0
2023-04-10,9.26,9.33,9.13,9.25,485110,4478010.0
2023-04-11,9.22,9.28,9.19,9.23,230646,2129663.0
2023-04-12,9.26,9.31,9.2,9.25,117749,1088290.0
2023-04-13,9.2,9.27,9.18,9.24,196114,1804760.0
2023-04-14,9.24,9.25,9.19,9.24,208773,1924657.0
2023-04-17,9.21,9.25,9.21,9.23,150881,1392484.0
2023-04-18,9.18,9.24,9.17,9.24,94103,864997.0
2023-04-19,9.19,9.3,9.17,9.28,199082,1839280.0
2023-04-20,9.28,9.29,9.16,9.2,209439,1924567.0
2023-04-21,9.16,9.18,9.03,9.05,185045,1684068.0
2023-04-24,9.05,9.05,8.92,8.96,169801,1525227.0
2023-04-25,8.94,8.99,8.81,8.83,163792,1453964.0
2023-04-26,8.76,8.9,8.76,8.85,96862,856498.0
2023-04-27,8.79,8.88,8.74,8.81,130020,1144874.0
2023-04-28,8.99,9.23,8.85,9.2,372737,3403361.0
2023-05-04,9.24,9.71,9.22,9.67,953881,9114715.0
2023-05-05,9.8,10.72,9.79,10.38,2730141,27745548.0
2023-05-08,10.4,10.44,9.95,10.3,1987919,20242350.0
2023-05-09,10.41,10.45,9.85,9.87,1018034,10260690.0
2023-05-10,9.6,9.77,9.5,9.64,545259,5240028.0
2023-05-11,9.56,9.91,9.5,9.85,352424,3439663.0
2023-05-12,9.78,9.84,9.67,9.78,255430,2487437.0
2023-05-15,9.77,9.8,9.65,9.77,208698,2030044.0
2023-05-16,9.82,9.96,9.66,9.79,313535,3065690.0
2023-05-17,9.86,9.9,9.71,9.78,305557,2982500.0
2023-05-18,9.74,9.77,9.6,9.63,327799,3169312.0
2023-05-19,9.65,9.74,9.6,9.74,156069,1508491.0
2023-05-22,9.76,9.77,9.69,9.75,214712,2092021.0000000002
2023-05-23,9.76,10.27,9.75,10.17,991241,10031897.0
2023-05-24,10.05,10.5,10.05,10.15,1064612,10954984.0
2023-05-25,10.16,10.18,9.85,9.97,565131,5649931.0
2023-05-26,9.89,9.89,8.97,9.66,573041,5458760.0
2023-05-29,9.63,9.67,9.41,9.45,191129,1823209.0
2023-05-30,9.53,9.65,9.45,9.65,228153,2183353.0
2023-05-31,9.65,9.65,9.52,9.56,84273,807486.0
2023-06-01,9.48,9.6,9.47,9.5,232475,2208835.0
2023-06-02,9.33,9.38,9.25,9.3,166493,1554716.0
2023-06-05,9.34,9.35,9.21,9.21,196693,1820005.0
2023-06-06,9.35,9.35,9.1,9.11,280683,2572983.0
2023-06-07,9.08,9.08,8.96,9.0,261511,2357713.0
2023-06-08,8.99,8.99,8.9,8.95,112364,1004637.0
2023-06-09,9.05,9.05,8.89,8.92,75066,670324.0
2023-06-12,8.83,8.96,8.83,8.88,79400,707362.0
2023-06-13,8.93,8.93,8.83,8.86,91944,814350.0
2023-06-14,8.91,8.94,8.88,8.91,59880,533683.0
2023-06-15,8.89,8.99,8.87,8.97,98251,877673.0
2023-06-16,8.99,9.11,8.97,9.09,138284,1254502.0
2023-06-19,9.03,9.1,9.02,9.07,41692,377463.0
2023-06-20,8.99,9.07,8.9,8.96,104158,935794.0
2023-06-21,8.99,9.02,8.89,8.96,132610,1187300.0
2023-06-26,8.91,8.94,8.81,8.82,286248,2531878.0
2023-06-27,8.78,8.89,8.78,8.88,169972,1506436.0
2023-06-28,8.84,8.92,8.81,8.92,217710,1927521.0
2023-06-29,8.88,9.14,8.86,9.09,397533,3594963.0
2023-06-30,9.1,9.18,9.1,9.15,136489,1249167.0
2023-07-03,9.15,9.15,9.06,9.14,97963,892357.0
2023-07-04,9.15,9.18,9.1,9.14,126017,1152694.0
2023-07-05,9.18,9.38,9.15,9.38,639116,5946067.0
2023-07-06,9.37,9.43,9.21,9.3,273001,2538124.0
2023-07-07,9.31,9.31,9.21,9.26,104047,959945.0
2023-07-10,9.28,9.28,9.19,9.22,100621,929387.0
2023-07-11,9.2,9.24,9.15,9.18,144827,1328662.0
2023-07-12,9.24,9.24,9.1,9.13,98975,904425.0
2023-07-13,9.1,9.15,9.1,9.13,171468,1564219.0
2023-07-14,9.11,9.23,9.11,9.2,146496,1345226.0
2023-07-17,9.2,9.22,9.08,9.13,111410,1014119.0
2023-07-18,9.12,9.14,9.09,9.13,88544,806785.0
2023-07-19,9.13,9.17,9.09,9.13,41271,375984.0
2023-07-20,9.11,9.12,8.99,9.01,171811,1552942.0
2023-07-21,8.98,9.07,8.98,9.04,33827,305628.0
2023-07-24,9.02,9.09,8.98,9.04,156317,1408928.0
2023-07-25,9.09,9.1,9.02,9.09,195857,1776052.0
2023-07-26,9.1,9.1,9.0,9.07,65187,589142.0
2023-07-27,9.02,9.08,9.02,9.05,34483,312145.0
2023-07-28,9.03,9.16,9.03,9.15,137718,1253608.0
2023-07-31,9.15,9.23,9.11,9.18,221025,2026152.0
2023-08-01,9.14,9.19,9.13,9.16,75182,687755.0
2023-08-02,9.13,9.17,9.09,9.11,77380,705312.0
2023-08-03,9.08,9.16,9.08,9.15,42689,390142.0
2023-08-04,9.17,9.19,9.14,9.17,67341,617378.0
2023-08-07,9.14,9.14,9.03,9.09,96637,876116.0
2023-08-08,9.08,9.08,9.04,9.06,46600,422463.0
2023-08-09,9.06,9.16,9.04,9.1,196082,1786388.0
2023-08-10,9.05,9.14,9.03,9.07,89328,809194.0
2023-08-11,9.03,9.12,9.0,9.03,174621,1578875.0
2023-08-14,9.03,9.03,8.95,8.96,93498,838786.0
2023-08-15,9.01,9.01,8.84,8.92,106230,945944.0
2023-08-16,8.88,8.93,8.8,8.85,163385,1442481.0
2023-08-17,8.83,8.86,8.78,8.86,67681,596099.0
2023-08-18,8.87,8.87,8.8,8.82,62174,548776.0
2023-08-21,8.79,8.85,8.71,8.71,85950,751920.0
2023-08-22,8.73,8.77,8.6,8.68,88884,769594.0
2023-08-23,8.62,8.65,8.51,8.54,132521,1135113.0
2023-08-24,8.51,8.51,8.11,8.2,428587,3534342.0
2023-08-25,8.16,8.26,8.08,8.13,91593,744567.0
2023-08-28,8.35,8.39,8.16,8.23,217398,1803578.0
2023-08-29,8.24,8.32,8.19,8.29,85198,704158.0
2023-08-30,8.39,8.49,8.35,8.35,219460,1846975.0
2023-08-31,8.35,8.44,8.32,8.43,139679,1172687.0
2023-09-01,8.43,8.69,8.43,8.68,274239,2363999.0
2023-09-04,9.03,9.25,8.96,9.15,923311,8418696.0
2023-09-05,9.08,9.09,8.86,8.89,397517,3556803.0
2023-09-06,8.89,9.07,8.85,9.04,201373,1808914.0
2023-09-07,9.07,9.1,8.8,8.85,215934,1932590.0
2023-09-08,8.81,8.88,8.73,8.85,85306,751713.0
2023-09-11,8.89,8.92,8.79,8.91,103390,918202.0
2023-09-12,8.91,8.93,8.86,8.91,39402,350010.0
2023-09-13,8.83,8.91,8.81,8.86,66468,589053.0
2023-09-14,8.89,8.89,8.8,8.86,38082,336538.0
2023-09-15,8.81,8.92,8.81,8.84,60967,538951.0
2023-09-18,8.73,8.85,8.73,8.77,62486,547305.0
2023-09-19,8.76,8.83,8.74,8.75,82444,724990.0
2023-09-20,8.73,8.79,8.68,8.75,34813,303781.0
2023-09-21,8.68,8.76,8.67,8.69,50085,435640.0
2023-09-22,8.68,8.77,8.67,8.74,56935,497229.0
2023-09-25,8.75,8.79,8.72,8.73,39455,345049.0
2023-09-26,8.69,8.79,8.69,8.71,12820,112092.0
2023-09-27,8.77,8.77,8.68,8.68,35337,307949.0
2023-09-28,8.69,8.79,8.67,8.76,75919,660042.0
2023-10-09,8.82,8.86,8.78,8.82,52054,459835.0
2023-10-10,8.8,8.82,8.72,8.74,44710,392534.0
2023-10-11,8.78,8.94,8.78,8.86,45183,400251.0
2023-10-12,8.89,8.89,8.8,8.87,41766,368941.0
2023-10-13,8.82,8.87,8.72,8.72,49629,434621.0
2023-10-16,8.66,8.72,8.6,8.65,71202,614895.0
2023-10-17,8.6,8.69,8.6,8.6,17424,150359.0
2023-10-18,8.6,8.69,8.54,8.57,41972,361162.0
2023-10-19,8.52,8.6,8.4,8.49,62536,531724.0
2023-10-20,8.45,8.59,8.26,8.42,37557,315900.0
2023-10-23,8.36,8.43,8.24,8.29,76160,633213.0
2023-10-24,8.31,8.39,8.25,8.38,33077,275911.0
2023-10-25,8.39,8.41,8.3,8.35,41902,350011.0
2023-10-26,8.3,8.36,8.25,8.36,33664,278833.0
2023-10-27,8.37,8.67,8.37,8.62,232284,1979038.0
2023-10-30,8.55,8.78,8.55,8.65,120231,1042593.0000000001
2023-10-31,8.47,8.48,8.25,8.32,391334,3273048.0
2023-11-01,8.35,8.36,8.31,8.32,53666,446767.0
2023-11-02,8.32,8.34,8.21,8.26,94002,778257.0
2023-11-03,8.22,8.32,8.2,8.29,104073,860865.0
2023-11-06,8.35,8.39,8.33,8.38,123688,1035637.9999999999
2023-11-07,8.38,8.41,8.34,8.39,92178,772346.0
2023-11-08,8.49,8.75,8.42,8.64,498881,4304799.0
2023-11-09,8.7,8.71,8.62,8.63,301789,2615601.0
2023-11-10,8.67,8.82,8.64,8.82,371929,3252352.0
2023-11-13,8.87,8.88,8.69,8.83,320776,2820590.0
2023-11-14,8.82,8.84,8.71,8.84,125783,1105731.0
2023-11-15,8.79,8.95,8.79,8.92,220822,1965089.0
2023-11-16,8.85,8.92,8.74,8.74,110244,969176.0
2023-11-17,8.74,8.76,8.65,8.75,105311,916007.0
2023-11-20,8.7,8.98,8.66,8.95,462411,4109103.0
2023-11-21,8.99,9.7,8.92,9.25,1822815,17239410.0
2023-11-22,9.21,9.99,9.21,9.98,3022112,29503909.0
2023-11-23,10.3,11.98,10.3,11.21,7950598,87598736.0
2023-11-24,11.01,14.4,10.3,14.4,10779647,132757552.0
2023-11-27,16.0,18.72,15.7,18.72,13805820,246965730.0
2023-11-28,16.89,18.51,16.01,16.5,8372316,143148602.0
2023-11-29,15.88,16.92,13.08,14.09,7507730,112212129.0
2023-11-30,14.0,16.99,13.3,16.43,9298039,141046004.0
2023-12-01,15.11,16.31,14.08,14.32,6292615,94277681.0
2023-12-04,13.66,14.8,13.04,13.77,4165000,57273080.0
2023-12-05,13.61,16.68,13.5,16.4,8701551,132384518.00000001
2023-12-06,15.6,16.68,14.91,15.2,6329558,99403300.0
2023-12-07,15.7,16.2,15.08,15.35,5093958,79262303.0
2023-12-08,15.28,16.3,14.5,15.83,5437667,84946341.0
2023-12-11,15.51,16.38,14.7,14.89,4045299,62421901.0
2023-12-12,14.6,15.27,14.52,15.02,3153246,46615963.0
2023-12-13,15.02,18.29,14.84,16.6,9253522,156131145.0
2023-12-14,15.86,17.32,15.61,17.08,7977634,131771295.00000001
2023-12-15,16.65,17.11,16.05,16.41,4624576,76396084.0
2023-12-18,16.11,16.88,16.11,16.75,4210768,69965154.0
2023-12-19,16.6,16.75,15.8,16.35,3570013,57868960.0
2023-12-20,16.25,18.77,16.25,17.73,8008081,139684056.0
2023-12-21,18.15,18.68,15.0,15.24,7650526,127347672.0
2023-12-22,14.55,15.4,14.52,15.08,3973486,59307563.0
2023-12-25,15.08,16.09,14.83,16.0,3971967,62016593.0
2023-12-26,15.98,16.5,15.3,16.3,4237235,67599568.0
2023-12-27,15.91,16.23,15.42,15.8,2855220,45094317.0
2023-12-28,16.05,16.17,15.5,15.82,3095814,49012146.0
2023-12-29,15.85,16.38,15.6,16.24,3369028,54537142.0
2024-01-02,16.16,17.09,16.06,16.83,3972221,65772459.0
2024-01-03,16.93,18.48,16.7,17.15,5131482,90778056.0
2024-01-04,16.8,18.25,16.55,17.93,6224682,108117465.0
2024-01-05,17.63,19.0,17.15,17.36,6467840,115135964.0
2024-01-08,17.14,17.53,15.68,16.0,4022459,66715433.99999999
2024-01-09,15.72,16.13,14.33,14.92,3405037,51911051.0
2024-01-10,14.63,15.22,14.6,15.1,1842581,27507504.0
2024-01-11,15.3,15.88,15.08,15.37,2035583,31480119.0
2024-01-12,15.1,15.32,13.31,13.31,2718848,38790865.0
2024-01-15,13.31,13.8,12.89,12.89,1446573,19273571.0
2024-01-16,13.0,13.96,11.93,13.78,3043067,39795645.0
2024-01-17,13.9,14.5,13.37,13.48,2770130,38815305.0
2024-01-18,13.29,14.07,13.11,13.93,2083562,28397916.0
2024-01-19,14.13,14.67,13.93,14.5,2450517,35214557.0
2024-01-22,14.36,14.5,13.32,13.6,1718586,24140227.0
2024-01-23,13.5,13.97,13.38,13.97,1139200,15590866.0
2024-01-24,13.99,14.17,13.22,13.82,1364465,18653537.0
2024-01-25,13.93,14.6,13.7,14.09,2570553,36612245.0
2024-01-26,13.9,14.2,13.31,13.65,1708769,23565609.0
2024-01-29,13.58,13.79,12.06,12.06,2035318,25931286.0
2024-01-30,12.06,12.38,11.51,11.74,1258661,14924601.0
2024-01-31,11.66,12.25,11.65,11.89,1200110,14365766.0
2024-02-01,11.89,12.18,11.16,11.16,1742857,20103858.0
2024-02-02,11.18,11.59,9.98,10.35,1876567,19955751.0
2024-02-05,10.05,10.3,9.31,9.95,1582340,15696776.0
2024-02-06,9.87,12.93,9.81,12.93,5475045,65772486.99999999
2024-02-07,13.29,14.6,11.79,11.99,5306857,71126329.0
2024-02-08,11.66,12.0,10.7,11.51,3120313,35332295.0
2024-02-19,11.42,11.99,11.24,11.99,1949264,22649801.0
2024-02-20,11.99,13.83,11.79,12.85,3409773,44263475.0
2024-02-21,12.34,13.06,12.3,12.65,2508955,31823304.0
2024-02-22,12.6,13.25,12.46,13.02,2395879,30824567.0
2024-02-23,12.88,13.0,12.36,12.56,1986357,25075991.0
2024-02-26,12.48,12.98,12.36,12.57,1471289,18537532.0
2024-02-27,12.57,13.33,12.45,13.29,2225326,29007778.0
2024-02-28,13.05,13.79,12.42,12.48,2516769,33292214.0
2024-02-29,12.48,12.84,12.33,12.81,1666874,20966080.0
2024-03-01,12.8,12.9,12.42,12.64,1425348,18084087.0
2024-03-04,12.69,13.09,12.33,12.82,1960393,25082430.0
2024-03-05,12.61,12.65,12.0,12.04,1477089,18057146.0
2024-03-06,12.04,12.26,11.89,12.03,857499,10374686.0
2024-03-07,12.02,12.04,11.47,11.52,1037662,12207008.0
2024-03-08,11.67,11.87,11.33,11.6,750918,8669659.0
2024-03-11,11.41,11.78,11.41,11.68,640549,7418343.0
2024-03-12,11.67,12.99,11.66,12.17,2651667,32969629.0
2024-03-13,11.98,11.99,11.44,11.58,1780222,20694324.0
2024-03-14,11.87,12.38,11.6,11.76,1972798,23645999.0
2024-03-15,11.7,12.33,11.5,12.11,2057408,24580760.0
2024-03-18,12.2,12.21,11.9,12.12,1069695,12879955.0
2024-03-19,12.0,12.17,11.83,11.85,927785,11104411.0
2024-03-20,11.88,12.17,11.76,11.9,767873,9183278.0
2024-03-21,11.9,12.06,11.6,11.72,662220,7782174.0
2024-03-22,11.67,11.87,11.4,11.45,695696,8020796.0
2024-03-25,11.33,11.73,11.06,11.23,578441,6633706.0
2024-03-26,11.23,11.37,11.03,11.07,377099,4192417.9999999995
2024-03-27,11.15,12.06,11.05,11.4,2136469,24888539.0
2024-03-28,11.15,11.42,10.9,11.23,1443062,16095702.0
2024-03-29,11.15,11.3,11.06,11.11,393241,4382143.0
2024-04-01,11.13,11.31,11.11,11.31,666416,7467236.0
2024-04-02,11.17,11.35,11.11,11.16,452060,5049903.11
2024-04-03,11.05,11.05,10.52,10.53,834889,8976842.26
2024-04-08,10.63,10.78,10.08,10.1,572573,5944619.38
2024-04-09,10.1,10.58,10.07,10.41,595574,6114854.27
2024-04-10,10.25,10.87,10.22,10.6,981097,10468906.07
2024-04-11,10.74,10.74,10.26,10.42,529606,5527185.93
2024-04-12,10.42,10.52,10.25,10.27,427559,4447715.75
2024-04-15,10.3,10.3,9.88,10.15,548795,5540523.83
2024-04-16,10.15,10.15,9.5,9.57,551100,5343763.95
2024-04-17,9.65,10.18,9.65,10.13,633743,6360848.54
2024-04-18,10.15,10.34,9.79,10.15,651961,6600991.09
2024-04-19,9.9,10.15,9.85,9.93,512439,5103298.25
2024-04-22,10.08,10.11,9.85,9.9,250394,2496984.18
2024-04-23,9.91,10.07,9.8,9.95,554772,5516033.98
2024-04-24,9.97,10.03,9.91,9.97,358378,3568392.78
2024-04-25,10.15,10.68,9.99,10.44,1509416,15697258.11
2024-04-26,10.17,10.39,10.13,10.29,859957,8831576.97
2024-04-29,10.25,10.36,10.03,10.33,939216,9563978.96
2024-04-30,10.2,11.38,10.2,10.73,2030646,22213689.99
2024-05-06,10.74,11.4,10.52,11.2,1687874,18676146.98
2024-05-07,11.05,11.28,10.8,11.01,1017569,11242851.72
2024-05-08,11.08,11.89,10.89,11.6,2071718,23713186.24
2024-05-09,11.4,11.65,11.21,11.37,1248878,14167904.1
2024-05-10,11.45,11.65,10.82,10.82,1110428,12445370.17
2024-05-13,10.98,11.32,10.65,10.68,748715,8258786.97
2024-05-14,10.78,10.89,10.51,10.6,525538,5615320.1
2024-05-15,10.55,10.72,10.37,10.41,511439,5380048.98
2024-05-16,10.43,10.68,10.35,10.35,471430,4953980.94
2024-05-17,10.31,10.47,10.31,10.35,370585,3842723.28
2024-05-20,10.41,10.54,10.13,10.2,524731,5384090.39
2024-05-21,10.23,10.23,9.97,10.02,440059,4425625.56
2024-05-22,10.02,10.22,10.01,10.06,332504,3355839.73
2024-05-23,10.12,10.54,9.85,10.33,1260042,12954748.94
2024-05-24,10.25,10.39,10.08,10.09,448143,4589191.21
2024-05-27,10.04,10.48,10.04,10.27,395505,4039910.9
2024-05-28,10.2,10.45,10.02,10.2,439966,4524702.25
2024-05-29,10.15,10.28,10.13,10.19,165504,1685455.59
2024-05-30,10.19,10.2,9.81,9.86,472777,4704548.26
2024-05-31,9.86,9.95,9.81,9.88,256525,2527432.52
2024-06-03,9.77,9.97,9.65,9.78,289641,2832530.94
2024-06-04,9.66,9.83,9.65,9.83,247196,2404400.59
2024-06-05,9.78,9.8,9.55,9.6,291086,2804966.71
2024-06-06,9.67,9.68,9.02,9.17,619593,5716207.37
2024-06-07,9.27,9.38,9.06,9.19,368695,3384938.33
2024-06-11,9.19,9.29,8.83,9.19,363551,3304242.58
2024-06-12,9.08,9.35,9.08,9.29,251759,2325037.84
2024-06-13,9.3,9.3,9.1,9.17,364829,3351525.73
2024-06-14,9.11,9.28,9.11,9.21,173961,1599902.96
2024-06-17,9.16,9.19,8.91,8.97,331430,2989574.76
2024-06-18,9.03,9.17,8.97,9.09,278288,2524031.32
2024-06-19,9.08,9.53,9.06,9.2,728171,6748919.11
2024-06-20,9.16,9.49,9.0,9.36,849125,7895609.51
2024-06-21,9.32,11.68,9.32,10.39,3218564,33664451.4
2024-06-24,10.01,10.15,9.58,9.62,1642838,16080909.93
2024-06-25,9.69,10.35,9.61,9.83,1167197,11530987.99
2024-06-26,9.65,10.33,9.57,10.05,1462607,14533259.19
2024-06-27,9.99,9.99,9.54,9.63,1025403,9966222.05
2024-06-28,9.63,9.8,9.56,9.64,598873,5803755.45
2024-07-01,9.65,10.05,9.54,9.9,817750,8044394.82
2024-07-02,10.0,10.38,9.86,10.22,1422590,14405953.31
2024-07-03,10.01,10.88,10.01,10.33,1760216,18473135.22
2024-07-04,10.31,10.47,9.8,9.8,1053354,10631691.25
2024-07-05,9.9,10.1,9.67,9.99,747040,7364207.97
2024-07-08,9.93,10.01,9.3,9.3,847055,8142088.92
2024-07-09,9.3,9.49,9.0,9.4,822738,7599273.65
2024-07-10,9.4,9.56,9.15,9.33,374264,3516972.56
2024-07-11,9.5,9.67,9.25,9.5,672771,6375952.89
2024-07-12,9.52,9.77,9.49,9.67,646070,6257179.91
2024-07-15,9.78,9.78,9.49,9.5,344956,3315451.3
2024-07-16,9.41,10.1,9.32,10.03,1101410,10782726.89
2024-07-17,10.03,11.15,9.92,11.03,2947245,31615735.79
2024-07-18,11.03,11.08,10.3,10.47,1480437,15640174.11
2024-07-19,10.47,10.74,10.06,10.28,1566207,16289587.19
2024-07-22,10.08,10.42,10.08,10.28,706123,7236565.35
2024-07-23,10.23,10.52,9.81,9.9,703045,7116173.24
2024-07-24,9.88,9.96,9.4,9.44,877861,8458167.7
2024-07-25,9.4,9.73,9.4,9.6,554347,5322127.7
2024-07-26,9.73,9.97,9.56,9.87,692807,6766428.28
2024-07-29,9.99,9.99,9.63,9.72,335261,3279558.59
2024-07-30,9.92,10.09,9.72,9.94,484336,4804077.91
2024-07-31,9.76,10.25,9.76,10.19,691382,6970450.96
2024-08-01,10.2,10.79,10.11,10.16,1325583,13858630.55
2024-08-02,9.96,11.2,9.96,10.54,3471538,37376405.28
2024-08-05,10.21,10.8,9.81,9.88,2422346,24708323.13
2024-08-06,9.94,10.52,9.75,10.33,1729288,17514618.25
2024-08-07,10.08,10.34,10.03,10.07,1158395,11739902.59
2024-08-08,10.44,13.09,10.44,13.09,9139307,112781256.76
2024-08-09,13.74,14.15,12.6,12.6,10311891,139897091.33
2024-08-12,11.75,14.6,11.64,13.11,8899942,115940991.41
2024-08-13,12.5,13.0,11.68,12.1,6521288,79717514.66
2024-08-14,11.98,12.62,11.62,11.83,5848081,70786509.54
2024-08-15,11.8,12.62,11.26,11.4,6129515,73441881.92
2024-08-16,11.18,11.96,10.99,11.7,6037220,68675672.78
2024-08-19,11.44,11.55,10.83,10.99,4231012,46986380.97
2024-08-20,10.98,11.28,10.89,11.17,3559081,39539845.09
2024-08-21,11.03,11.11,10.52,10.77,2855695,30675268.06
2024-08-22,10.78,10.78,10.3,10.4,1655952,17367233.17
2024-08-23,10.4,10.55,10.11,10.17,1401361,14366491.84
2024-08-26,10.13,10.34,10.05,10.31,1034991,10580386.89
2024-08-27,10.34,10.94,10.22,10.41,3107128,33082937.85
2024-08-28,10.2,10.35,9.93,10.11,2100551,21237574.18
2024-08-29,9.87,9.9,9.54,9.83,2353470,22917059.44
2024-08-30,9.72,10.09,9.7,10.01,1706238,16983068.79
2024-09-02,10.0,10.09,9.79,9.84,988613,9778526.1
2024-09-03,9.89,10.05,9.71,9.87,779087,7678392.18
2024-09-04,10.05,10.1,9.8,9.83,968798,9638227.41
2024-09-05,9.83,10.4,9.76,10.3,2985173,30338029.53
2024-09-06,10.31,10.48,9.87,9.95,1952856,19653617.56
2024-09-09,9.85,10.07,9.8,9.86,908489,9013104.75
2024-09-10,9.84,9.87,9.43,9.54,1446781,13844644.89
2024-09-11,9.56,9.57,9.4,9.41,458666,4340670.32
2024-09-12,9.41,9.53,9.41,9.48,547352,5188586.1
2024-09-13,9.48,9.83,9.2,9.58,1555120,14715623.56
2024-09-18,9.46,9.49,9.16,9.23,708674,6578815.21
2024-09-19,9.29,9.46,9.19,9.37,744369,6959376.74
2024-09-20,9.37,9.49,9.32,9.4,545125,5126294.55
2024-09-23,9.57,9.76,9.43,9.47,1085631,10390718.08
2024-09-24,9.33,9.75,9.33,9.71,1169314,11202639.43
2024-09-25,9.72,9.96,9.72,9.88,1584258,15607848.5
2024-09-26,9.81,9.97,9.66,9.94,1283181,12634334.85
2024-09-27,10.08,10.98,9.95,10.73,3339528,35151804.78
2024-09-30,11.28,13.29,11.06,12.87,5212029,62189209.42
2024-10-08,15.79,15.79,13.37,15.4,6359773,93038025.48
2024-10-09,13.73,14.49,12.25,12.25,3948076,52093614.48
2024-10-10,12.3,13.37,11.6,11.91,3157266,39301391.42
2024-10-11,11.67,11.79,10.87,11.0,2434148,27328336.96
2024-10-14,11.1,11.65,10.88,11.45,1834971,20731879.57
2024-10-15,11.52,12.46,11.2,11.71,3044042,36101169.53
2024-10-16,11.2,12.05,11.11,11.73,2581089,30162778.37
2024-10-17,11.83,12.64,11.66,12.13,4056863,49332004.57
2024-10-18,12.31,13.1,12.03,12.85,3772924,47867226.07
2024-10-21,13.0,14.89,12.84,14.35,6166028,85050548.01
2024-10-22,14.25,16.75,13.0,14.38,7037128,102505766.38
2024-10-23,13.82,14.86,13.55,14.66,4815315,68415402.01
2024-10-24,14.7,16.48,14.67,15.29,5521459,85530854.57
2024-10-25,14.91,16.25,14.55,14.79,6080268,93320207.18
2024-10-28,14.65,15.0,13.8,14.81,3517432,51283634.02
2024-10-29,15.3,15.79,14.64,15.6,4789516,73340135.82
2024-10-30,15.5,17.55,15.2,16.7,6476472,105987428.5
2024-10-31,16.2,16.2,14.61,15.13,5077175,77874703.11
2024-11-01,15.13,16.49,14.21,15.06,4753212,72648288.32
2024-11-04,15.03,16.5,14.7,16.5,5317479,83561134.03
2024-11-05,17.9,19.0,17.01,17.56,5961256,106394316.06
2024-11-06,17.05,19.28,17.01,17.43,6684381,119734394.17
2024-11-07,18.21,20.28,17.51,18.62,6524149,122018345.94
2024-11-08,18.63,19.13,17.28,17.3,4821883,86175342.23
2024-11-11,17.17,17.3,15.71,17.17,3478488,57484006.23
2024-11-12,17.17,18.85,16.82,17.49,4614778,82756193.9
2024-11-13,16.9,17.45,16.29,17.17,2934420,49052801.09
2024-11-14,17.09,17.5,16.25,16.25,2237998,37381038.09
2024-11-15,16.33,16.81,16.0,16.4,1965312,32197300.36
2024-11-18,16.7,17.16,16.16,16.51,2564549,42718281.08
2024-11-19,17.99,19.0,15.64,16.51,5407533,94324189.36
2024-11-20,15.75,17.49,15.7,17.11,4182274,69577183.38
2024-11-21,17.0,18.5,16.71,18.42,5401884,95722033.12
2024-11-22,18.17,19.6,17.68,18.0,4767120,87832076.98
2024-11-25,18.42,19.59,17.68,18.85,4517062,84016866.33
2024-11-26,20.5,20.5,17.37,17.6,5181625,99616091.66
2024-11-27,17.12,17.59,16.22,17.35,4193417,70471832.16
2024-11-28,17.35,18.66,17.35,18.16,3803943,68505339.08
2024-11-29,18.3,18.95,17.31,18.54,3466236,63576592.97
2024-12-02,18.89,24.0,18.26,22.25,9098685,193102231.03
2024-12-03,21.05,22.02,20.0,20.0,6709706,140683604.44
2024-12-04,19.54,20.68,19.12,19.54,4148507,81722931.26
2024-12-05,19.04,22.33,18.8,21.77,7629821,158037927.73
2024-12-06,23.0,28.3,22.3,23.33,14193680,364047434.07
2024-12-09,22.72,25.58,21.33,21.4,11345966,269909754.16
2024-12-10,22.0,23.2,20.6,21.2,7428950,162001819.08
2024-12-11,20.58,20.82,19.42,19.53,5913087,117419291.62
2024-12-12,19.68,19.78,18.56,18.94,4658179,88250515.21
2024-12-13,18.8,19.52,18.57,18.88,3255456,61806764.3
2024-12-16,18.99,19.3,17.45,17.52,3941054,71713915.17
2024-12-17,17.48,17.68,16.3,16.49,2683371,45342914.75
2024-12-18,16.49,17.15,15.9,16.3,1989098,33049899.23
2024-12-19,16.3,17.17,15.4,16.77,2838438,46245525.39
2024-12-20,16.52,17.6,16.52,17.3,3368774,57340450.42
2024-12-23,17.54,18.32,17.0,17.33,4158534,73295117.18
2024-12-24,16.89,17.36,16.27,16.82,3318832,55554732.26
2024-12-25,17.5,17.5,15.86,15.86,2742666,45884943.82
2024-12-26,15.58,16.15,15.38,15.41,3076934,48340197.37
2024-12-27,15.5,15.59,14.9,14.9,2236906,34198726.03
2024-12-30,14.91,15.03,13.87,13.94,2430896,34818174.44
2024-12-31,14.03,14.64,13.88,14.07,2534435,36150664.7
2025-01-02,14.3,14.48,13.85,14.07,1726661,24620028.45
2025-01-03,14.17,15.2,13.91,14.74,3806648,56130464.05
2025-01-06,16.6,19.16,16.52,19.16,10742316,192232963.6
2025-01-07,18.0,18.87,17.21,18.39,9023720,162713219.76
2025-01-08,18.08,21.8,18.06,19.31,10220056,204292921.13
2025-01-09,18.0,20.68,17.71,19.59,8672618,164141599.59
2025-01-10,18.88,19.28,17.5,17.5,5646816,103259622.96
2025-01-13,16.9,18.19,16.63,17.04,3834192,66311069.37
2025-01-14,16.72,18.55,16.72,18.35,5721817,100895930.29
2025-01-15,18.0,20.21,17.72,19.55,7424196,139821585.54
2025-01-16,19.12,20.31,18.52,19.21,6234350,120608931.87
2025-01-17,19.19,19.19,18.0,18.02,4219454,77827638.54
2025-01-20,18.07,18.65,17.65,17.82,2788004,50528787.65
2025-01-21,17.87,18.05,17.13,17.31,2515518,43873172.02
2025-01-22,17.45,17.45,16.18,16.23,2719142,45245545.32
2025-01-23,16.3,16.95,15.82,15.87,2662966,43536674.27
2025-01-24,15.9,16.26,15.4,16.08,2154520,34123426.14
2025-01-27,16.05,16.46,15.39,15.39,2005551,31874858.49
2025-02-05,15.89,17.24,15.88,17.22,5165156,85173368.0
2025-02-06,16.9,17.44,16.31,17.44,4996433,84595142.83
2025-02-07,17.3,20.65,17.18,18.92,8323870,155449931.45
2025-02-10,20.6,24.59,19.6,24.59,10766315,236900180.67
2025-02-11,24.88,29.5,23.88,23.99,14383526,378619906.37
2025-02-12,22.36,24.97,22.02,23.08,8997769,208195018.78
2025-02-13,22.5,22.59,21.21,21.6,6931009,151607321.15
2025-02-14,22.0,28.08,22.0,28.08,11255945,287635327.75
2025-02-17,32.0,36.5,31.0,36.5,14671698,511981195.8
2025-02-18,33.15,34.45,29.6,29.8,10326534,329256351.2
2025-02-19,29.28,32.18,29.21,31.0,8946673,273598419.23
2025-02-20,30.0,35.58,29.0,31.72,10964706,359705037.26
2025-02-21,29.9,33.06,29.01,32.5,9249233,283891646.18
2025-02-24,30.7,31.29,29.3,30.25,6251343,189678487.25
2025-02-25,29.41,32.31,29.12,29.72,5548493,170372652.31
2025-02-26,28.98,30.5,28.3,29.05,5532803,159191671.83
2025-02-27,29.98,30.0,27.5,28.08,4801948,136022635.04
2025-02-28,27.7,28.47,25.89,26.0,4318323,116728318.85
2025-03-03,26.93,29.51,26.16,28.37,7951557,224934590.1
2025-03-04,26.96,31.0,26.8,29.52,7968508,231731175.22
2025-03-05,28.6,29.85,28.15,29.28,5460891,157590934.09
2025-03-06,29.1,31.6,28.45,30.69,7848255,236061565.02
2025-03-07,29.77,31.58,28.8,29.09,5779943,173479100.07
2025-03-10,37.46,37.81,32.18,33.47,12133890,428179740.27
2025-03-11,30.01,32.55,29.92,30.09,8069845,248409337.1
2025-03-12,29.94,30.58,29.03,30.18,6211429,184020153.23
2025-03-13,29.7,30.59,28.7,29.17,4693820,139596928.02
2025-03-14,28.51,29.87,28.12,29.32,4341462,126108901.67
2025-03-17,28.96,29.45,28.65,29.16,2710705,78837013.96
2025-03-18,28.8,30.3,28.8,29.27,3126286,92424775.44
2025-03-19,28.78,31.6,28.6,29.61,4935103,149066135.83
2025-03-20,29.05,29.3,27.08,27.33,4371398,123188912.83
2025-03-21,27.63,28.99,26.05,26.26,3049563,84072304.26
2025-03-24,26.5,26.55,23.84,25.15,3299772,82352767.08
2025-03-25,25.47,27.44,24.89,26.55,3872756,101498476.9
2025-03-26,26.05,26.58,25.66,25.8,2560020,66442483.07
2025-03-27,26.0,27.91,24.9,27.2,4010314,105986913.69
2025-03-28,27.0,28.58,26.21,26.3,3741931,102536880.32
2025-03-31,25.5,26.88,24.61,24.73,2637435,66113649.56
2025-04-01,25.16,28.91,25.16,26.72,6572963,181213061.04
2025-04-02,25.82,26.48,25.12,26.14,4235083,109182998.8
2025-04-03,25.92,27.6,25.34,26.5,3542049,93918907.47
2025-04-07,24.7,25.0,19.52,20.21,3957719,88331914.8
2025-04-08,20.69,21.73,20.66,21.56,3292613,69514922.86
2025-04-09,20.89,23.5,20.01,23.11,4624948,102341483.62
2025-04-10,24.39,24.98,23.51,24.35,3840591,93491048.42
2025-04-11,26.38,28.8,25.06,25.14,5510779,146749793.19
2025-04-14,24.67,26.39,24.67,25.51,3503388,89257017.11
2025-04-15,25.51,26.37,24.88,26.07,3535125,90512830.01
2025-04-16,25.88,25.89,24.28,24.72,2790641,69449174.4
2025-04-17,24.69,25.26,24.31,24.88,2019086,50139801.18
2025-04-18,25.23,26.85,24.79,25.3,3700540,95604858.02
2025-04-21,24.67,25.99,24.0,25.89,3056679,77148751.29
2025-04-22,25.5,26.42,25.33,25.56,2012655,51719860.3
2025-04-23,25.15,26.79,25.15,26.05,3310533,85981859.17
2025-04-24,26.2,28.79,26.0,27.39,6554441,180864938.12
2025-04-25,28.99,29.58,25.88,25.95,5774342,159415439.45
2025-04-28,24.61,25.3,23.65,23.8,3942040,95080421.92
2025-04-29,23.48,24.68,23.31,24.02,2503999,60075711.86
2025-04-30,23.9,24.68,23.75,24.45,2685365,65313094.1
2025-05-06,24.6,25.49,24.6,25.37,2745186,68868981.21
2025-05-07,25.89,26.77,25.35,25.8,3930020,102365287.31
2025-05-08,25.29,26.4,25.11,26.0,2675020,69591182.1
2025-05-09,26.02,26.76,25.46,25.98,2513004,65538752.34
2025-05-12,26.18,26.31,25.46,26.18,2417890,62729599.01
2025-05-13,26.18,27.72,26.1,27.68,5807841,157332092.64
2025-05-14,27.25,27.25,26.1,26.8,4158771,110313079.56
2025-05-15,26.88,28.3,26.33,27.02,4449825,121570420.27
2025-05-16,27.69,31.25,26.98,30.55,10974466,318841438.88
2025-05-19,28.15,29.45,27.82,28.72,8134885,231218010.36
2025-05-20,28.15,29.7,28.15,28.5,5645344,162350175.35
2025-05-21,28.02,29.5,27.61,27.65,5327642,151913435.48
2025-05-22,27.2,27.63,26.0,26.23,4058729,108013701.13
2025-05-23,26.53,28.68,26.53,26.99,5791141,159181818.55
2025-05-26,25.88,26.54,25.28,26.4,4130829,105979957.76
2025-05-27,26.15,27.38,26.01,26.42,3190322,84705792.15
2025-05-28,26.06,26.42,25.5,25.5,2581802,66625318.61
2025-05-29,25.9,26.59,25.35,26.46,3353935,87690393.5
2025-05-30,26.11,27.15,25.67,25.85,3738797,99480404.52
2025-06-03,25.6,26.85,25.42,26.53,2775037,73067816.81
2025-06-04,26.49,26.53,25.99,26.31,2211982,58075052.39
2025-06-05,26.3,26.38,25.55,25.85,2215002,57302618.67
2025-06-06,26.05,26.1,25.63,25.75,1585498,40977887.96
2025-06-09,25.93,26.82,25.75,26.52,3213808,84923541.05
2025-06-10,26.4,27.19,26.21,27.15,4445196,119320335.06
2025-06-11,26.99,27.0,26.4,26.66,2646624,70430363.56
2025-06-12,26.64,26.7,26.15,26.39,2181527,57413620.41
2025-06-13,26.11,26.39,25.1,25.17,2914363,74668335.32
2025-06-16,25.18,25.89,24.91,25.42,1617619,41038062.97
2025-06-17,25.74,26.24,25.18,25.46,2216049,56990012.76
2025-06-18,25.11,25.28,24.78,25.04,1752505,43735605.65
2025-06-19,24.85,25.08,23.6,23.91,1760056,42808611.61
2025-06-20,23.9,24.22,23.41,23.77,1014357,24137114.49
2025-06-23,23.21,24.38,23.21,24.17,1246373,29729217.48
2025-06-24,24.7,24.96,24.19,24.87,1563410,38649622.61
2025-06-25,25.08,25.56,24.7,25.14,1805042,45472507.2
2025-06-26,25.0,25.8,24.8,25.55,1884468,47978553.74
2025-06-27,25.55,27.88,25.05,26.6,4792192,127378867.22
2025-06-30,26.39,26.39,25.58,26.01,3022115,78117328.31
2025-07-01,26.39,26.94,26.07,26.22,3116967,82335663.59
2025-07-02,25.85,26.2,25.33,25.51,2054495,52727014.45
2025-07-03,25.45,25.94,25.35,25.56,1383782,35588899.44
2025-07-04,25.8,26.27,25.0,25.13,1821353,46665264.19
2025-07-07,25.0,25.84,24.49,24.62,1475007,36900782.68
2025-07-08,24.5,25.3,24.5,24.92,1169068,29172211.34
2025-07-09,24.91,25.08,24.37,24.4,1086974,26871673.36
2025-07-10,24.33,24.95,24.15,24.56,1013612,24862209.53
2025-07-11,24.6,25.2,24.36,24.92,1113937,27715635.94
2025-07-14,24.91,25.27,24.76,25.22,1078563,27035008.52
2025-07-15,25.19,25.26,24.28,24.97,1468431,36275329.01
2025-07-16,24.7,25.14,24.55,24.58,1269038,31420483.58
2025-07-17,24.36,24.98,24.36,24.63,1024955,25285338.6
2025-07-18,24.6,24.91,24.18,24.26,1195395,29133604.11
2025-07-21,24.25,24.87,24.25,24.71,1190105,29345833.57
2025-07-22,24.45,25.29,24.45,24.99,1649444,41310783.16
2025-07-23,24.99,26.09,24.73,25.29,2467479,62601283.12
2025-07-24,25.6,25.8,24.9,25.3,1938287,48883679.01
2025-07-25,25.5,25.95,24.85,24.98,2265252,57489019.28
2025-07-28,24.88,25.37,24.7,24.87,1401137,34902576.01
2025-07-29,25.1,29.46,24.83,26.9,8460338,229362420.7
2025-07-30,26.0,29.45,25.93,27.74,8007483,225368815.09
2025-07-31,26.74,29.46,26.65,28.7,8089023,229526528.7
2025-08-01,28.5,30.99,27.68,28.15,6813280,199437474.74
2025-08-04,27.12,27.87,26.03,27.78,5396358,145517086.45
2025-08-05,27.44,27.75,26.5,26.63,4100691,110153237.8
2025-08-06,26.83,27.79,26.05,26.34,3516653,93766984.68
2025-08-07,26.29,27.43,26.06,26.71,2956797,79057021.58
2025-08-08,26.66,26.99,26.03,26.11,2136140,56043907.22
2025-08-11,26.3,26.37,25.71,26.3,1956969,51006176.69
2025-08-12,26.28,26.5,25.44,25.5,2650613,68131489.61
2025-08-13,25.58,25.8,25.1,25.75,2150302,54938649.54
2025-08-14,25.73,25.88,24.86,25.03,1958223,49543065.33
2025-08-15,25.03,25.46,24.87,25.35,1558261,39347907.15
2025-08-18,25.53,26.26,25.21,26.26,2945799,76310070.51
2025-08-19,26.31,27.7,26.31,26.51,4242753,114623705.98
2025-08-20,26.88,27.55,26.21,26.58,3379142,90902879.95
2025-08-21,27.0,27.0,25.91,26.12,2287833,60123796.98
2025-08-22,26.26,26.28,25.34,25.77,2433654,62407961.79
2025-08-25,25.78,25.99,25.31,25.99,2206538,56608960.59
2025-08-26,25.92,26.25,25.54,26.1,2208843,57307570.38
2025-08-27,26.5,27.4,25.76,25.8,4544407,121807143.81
2025-08-28,24.83,25.33,23.89,24.77,4061575,99924970.92
2025-08-29,24.91,24.98,24.45,24.47,1971072,48637539.09
2025-09-01,24.47,24.89,24.15,24.7,1735716,42628368.23
2025-09-02,24.7,25.18,24.45,24.86,2041914,50781158.47
2025-09-03,25.0,25.29,23.89,24.05,1598182,39243142.21
2025-09-04,24.16,24.92,24.01,24.37,1433720,35006920.21
2025-09-05,25.06,25.88,25.06,25.58,3158394,80540856.37
2025-09-08,25.58,25.86,25.08,25.25,1932749,48960553.86
2025-09-09,25.2,25.22,24.47,24.48,1479387,36634889.52
2025-09-10,24.32,24.84,24.32,24.58,747543,18331176.85
2025-09-11,24.59,24.7,24.03,24.44,1178144,28655476.26
2025-09-12,24.63,24.76,24.0,24.29,989542,24130291.33
2025-09-15,24.32,24.5,24.08,24.26,964557,23415305.59
2025-09-16,24.3,24.3,23.71,24.1,1158983,27708019.93
2025-09-17,24.2,24.35,23.88,24.22,882263,21304282.8
2025-09-18,24.91,25.88,24.58,24.73,3914874,99011417.93
2025-09-19,24.06,24.53,23.72,23.82,2413976,57715607.21
2025-09-22,23.71,23.98,23.13,23.22,1389504,32467259.48
2025-09-23,23.3,23.3,21.99,22.29,1567726,35121031.41
2025-09-24,22.29,22.72,22.05,22.57,655980,14729266.16
2025-09-25,22.68,22.95,22.4,22.5,811764,18405951.96
2025-09-26,22.5,22.65,22.0,22.03,825131,18289462.26
2025-09-29,22.13,22.36,21.8,21.88,674717,14792341.33
2025-09-30,21.98,22.09,21.79,21.84,436050,9556325.94
2025-10-09,21.58,21.81,21.2,21.39,958107,20490968.89
2025-10-10,21.39,21.96,21.28,21.73,960622,20908922.25
2025-10-13,21.0,21.58,20.65,21.45,799010,17022257.82
2025-10-14,21.65,22.19,21.44,21.85,964286,21176922.66
2025-10-15,21.55,22.67,21.55,22.33,1240808,27668499.28
2025-10-16,22.0,22.7,21.85,21.85,1133672,25210714.19
2025-10-17,22.12,22.32,21.0,21.05,1017723,21958958.95
2025-10-20,21.35,21.58,21.03,21.29,637902,13550592.95
2025-10-21,21.44,24.58,21.23,23.21,3700967,85708318.3
2025-10-22,23.2,26.8,22.89,24.79,7042358,175357889.63
2025-10-23,23.89,24.7,22.81,23.08,4681606,110179300.98
2025-10-24,22.92,23.12,22.34,22.46,2588429,58482292.31
2025-10-27,22.14,22.6,22.02,22.58,1582965,35256348.48
2025-10-28,22.77,22.77,21.96,22.02,1487590,33006010.49
2025-10-29,22.0,22.8,21.65,22.8,2114838,47100449.78
2025-10-30,22.75,23.2,22.41,22.67,2488846,56826959.56
2025-10-31,22.3,23.98,22.06,23.46,3907278,90648101.48
2025-11-03,24.05,24.36,23.14,23.63,3319250,78488341.13
2025-11-04,23.24,23.88,22.51,23.32,2603779,60128629.89
2025-11-05,22.93,24.09,22.93,23.03,2245732,52818282.65
2025-11-06,23.04,23.26,22.6,22.73,1640993,37389325.49
2025-11-07,22.73,22.96,22.47,22.72,1096544,24854039.91
2025-11-10,23.2,24.35,22.88,23.63,3582630,85105085.31
2025-11-11,23.35,25.57,23.0,25.08,5425744,132717080.83
2025-11-12,25.21,26.8,24.2,24.38,5737633,146927673.82
2025-11-13,23.52,25.16,23.52,24.73,4207872,102147565.64
2025-11-14,24.57,26.5,24.3,24.3,5262579,133702838.97
2025-11-17,24.0,24.24,23.12,23.5,2989050,70399271.32
2025-11-18,23.3,24.0,22.9,22.95,2051179,47654314.47
2025-11-19,23.15,23.28,21.91,22.05,1897382,42299281.75
2025-11-20,22.15,22.44,21.68,21.9,1079343,23697193.21
2025-11-21,21.86,21.99,20.6,20.6,1632402,34491604.56
2025-11-24,20.86,21.12,20.6,20.9,1305682,27219393.0
2025-11-25,21.1,22.5,21.02,21.98,2764289,60217613.25
2025-11-26,22.18,25.68,21.8,23.12,7330028,175448246.14
2025-11-27,22.53,23.4,22.2,22.88,5237796,118287265.57
2025-11-28,22.6,22.63,21.4,21.57,3772038,81854457.89
2025-12-01,21.55,22.45,21.42,22.29,2988434,65720195.85
2025-12-02,22.24,22.53,21.65,21.7,1764571,38800267.68
2025-12-03,22.1,22.52,21.65,21.77,2487689,54721006.68
2025-12-04,21.59,21.6,21.11,21.11,1964651,41802428.59
2025-12-05,20.95,21.46,20.63,21.33,1617292,33998555.21
2025-12-08,21.34,21.45,21.15,21.32,1547406,32987961.48
2025-12-09,21.32,21.42,20.7,20.76,1198145,25095721.75
2025-12-10,20.89,20.89,20.29,20.5,1088874,22248874.44
2025-12-11,20.53,21.42,20.21,20.96,1892372,39445824.21
2025-12-12,20.8,21.27,20.51,20.88,1231464,25823227.71
2025-12-15,20.89,21.1,20.58,20.71,851770,17737048.05
2025-12-16,20.78,21.07,20.52,20.88,812523,16913178.54
2025-12-17,20.94,21.5,20.77,21.24,1378721,29181837.03
2025-12-18,21.11,22.18,20.91,21.85,3087074,66954846.72
2025-12-19,22.0,22.0,21.22,21.5,2739912,59115064.98
2025-12-22,21.29,21.4,21.03,21.21,1568818,33177739.35
2025-12-23,21.24,21.28,20.66,20.79,1146423,23887937.07
2025-12-24,20.75,20.9,20.58,20.9,564771,11720842.77
2025-12-25,20.9,20.99,20.7,20.75,801422,16655604.5
2025-12-26,20.75,20.81,20.56,20.58,861213,17806580.23
2025-12-29,20.63,20.69,20.27,20.39,743438,15153647.58
2025-12-30,20.43,20.44,20.08,20.16,679823,13725878.79
2025-12-31,20.39,20.39,20.04,20.17,567647,11440029.36
2026-01-05,20.21,21.41,20.18,21.26,3111223,65346552.11
2026-01-06,21.03,21.28,20.7,20.9,2522048,52684854.75
2026-01-07,21.0,21.09,20.55,20.61,1715889,35672877.4
2026-01-08,20.86,21.0,20.51,20.85,1469336,30566558.1
2026-01-09,20.79,22.76,20.79,22.28,5621678,123958911.4
2026-01-12,23.01,23.95,22.2,23.5,5453907,126252749.04
2026-01-13,27.0,30.55,27.0,30.55,8964778,270953947.44
2026-01-14,27.0,30.0,26.3,28.0,12686472,352673335.67
2026-01-15,26.7,26.8,24.01,24.2,7085795,177634049.27
2026-01-16,24.61,24.72,23.7,23.73,3543576,85429581.2
2026-01-19,23.5,24.36,23.31,23.9,2476103,59214135.35
2026-01-20,23.9,24.24,23.48,23.74,2301883,55013351.02
2026-01-21,23.49,24.3,23.39,23.39,2325278,55349006.8
2026-01-22,23.18,24.2,23.18,24.0,2720419,64619100.21
2026-01-23,24.3,24.8,23.8,24.32,3164967,77136131.99
2026-01-26,26.02,28.11,24.8,26.0,8632038,228597628.5
2026-01-27,25.0,25.4,23.38,23.93,5806258,139044776.95
2026-01-28,23.51,23.94,23.04,23.14,3490722,81580507.52
2026-01-29,22.9,23.97,22.51,23.34,3043778,71063653.22
2026-01-30,23.0,23.4,22.22,22.27,2552583,57888989.09
2026-02-02,21.96,22.5,21.92,22.0,1108596,24609554.17
2026-02-03,22.34,22.57,21.92,22.54,1353355,30122722.68
2026-02-04,22.22,23.44,22.22,22.98,2172157,49751922.08
2026-02-05,22.63,22.9,22.11,22.2,1704221,38336809.84
2026-02-06,23.28,24.06,22.44,22.5,3673903,85662373.09
2026-02-09,22.5,22.88,22.32,22.71,2737252,61678502.83
2026-02-10,22.8,23.32,22.31,22.55,2109732,47932157.86
2026-02-11,22.49,22.55,22.0,22.13,1431836,31935450.97
2026-02-12,22.12,22.36,21.93,22.07,1082614,23932755.56
2026-02-13,22.07,22.19,21.9,21.99,816633,17987626.45
2026-02-24,22.12,22.45,22.12,22.36,1065269,23756253.93
2026-02-25,22.39,22.57,22.21,22.48,937127,21002304.36
2026-02-26,22.46,22.46,21.93,22.07,1132076,24994116.47
2026-02-27,22.13,22.39,21.83,21.93,762160,16716104.54
2026-03-02,21.5,21.5,20.9,21.12,1263929,26774789.29
2026-03-03,21.15,21.49,20.66,20.66,1238171,26060484.56
2026-03-04,20.55,21.05,20.44,20.76,877677,18148253.65
2026-03-05,21.28,21.36,20.65,20.86,778313,16284316.91
2026-03-06,20.67,21.7,20.54,21.35,1662072,35499671.1
2026-03-09,21.0,21.29,20.8,21.11,1085652,22841903.47
2026-03-10,21.11,21.49,20.94,21.39,906009,19285271.73
2026-03-11,21.34,21.5,21.1,21.2,750025,15975544.49
2026-03-12,21.15,21.23,20.73,20.76,725644,15155277.27
2026-03-13,20.79,21.11,20.53,20.74,599708,12504685.08
2026-03-16,20.76,20.91,20.44,20.61,531732,10959946.94
2026-03-17,20.55,21.5,20.54,20.66,961351,20119785.95
2026-03-18,20.53,20.84,20.45,20.74,761023,15691098.06
2026-03-19,20.74,20.74,19.76,19.83,1069394,21474680.04
2026-03-20,19.81,20.3,19.31,19.31,799045,15822399.92
2026-03-23,19.0,19.19,17.26,17.61,1835267,33180360.62
2026-03-24,17.79,18.64,17.79,18.2,1554988,28316126.21
2026-03-25,18.2,18.55,18.04,18.41,1152178,21168784.78
2026-03-26,18.46,18.99,17.75,17.89,1163349,21430796.49
2026-03-27,17.81,19.13,17.75,18.8,2037463,37984858.03
2026-03-30,18.48,19.01,18.42,18.6,1434277,26783307.74
2026-03-31,18.5,18.98,18.01,18.11,1067204,19732382.87
2026-04-01,18.39,19.33,18.1,19.3,3292713,62477333.26
2026-04-02,19.33,21.79,18.8,21.32,6429558,133402338.37
2026-04-03,20.26,21.33,19.64,19.7,4073100,82722554.9
2026-04-07,19.64,20.07,19.13,19.28,2271253,44241950.01
2026-04-08,19.6,19.79,19.21,19.71,2373077,46344532.04
2026-04-09,19.61,20.25,19.15,19.3,2581327,50706925.82
2026-04-10,19.29,19.98,19.19,19.64,1981441,38911899.02
2026-04-13,19.54,20.2,19.46,19.67,1688249,33431283.92
2026-04-14,19.68,19.97,19.3,19.63,1297454,25319426.64
2026-04-15,19.8,20.39,19.71,20.38,3615750,72719767.84
2026-04-16,20.12,20.13,19.3,19.6,2413779,47080470.35
2026-04-17,19.59,20.17,18.9,19.94,3174063,61863976.12
2026-04-20,19.67,20.27,19.65,20.0,1942150,38918664.47
2026-04-21,19.84,20.17,19.36,19.46,1308329,25690467.77
2026-04-22,19.46,19.77,19.38,19.5,1166822,22758011.83
2026-04-23,19.6,19.6,18.73,18.85,1345859,25683839.79
2026-04-24,18.8,18.9,18.4,18.4,734177,13689430.83
2026-04-27,18.31,18.77,18.06,18.36,966405,17685618.98
2026-04-28,18.34,19.2,18.18,18.39,1620230,30323304.04
2026-04-29,18.46,18.7,18.06,18.37,868285,16047533.39
2026-04-30,18.24,18.74,18.24,18.47,868263,16043116.93
2026-05-06,18.5,18.76,18.33,18.76,1030661,19156862.4
2026-05-07,18.75,19.16,18.52,19.01,1219409,23034549.55
2026-05-08,19.01,19.38,18.79,19.31,1308832,25061825.87
2026-05-11,19.25,19.98,18.93,19.61,2220102,43308844.85
2026-05-12,19.49,19.99,19.12,19.36,1754453,34218071.1
2026-05-13,19.35,19.35,18.85,19.09,1484705,28249705.26
2026-05-14,19.28,19.28,18.5,18.53,1045152,19650378.49
2026-05-15,18.77,18.77,18.05,18.29,917702,16830874.43
2026-05-18,18.17,18.22,17.79,17.98,565982,10178203.31
2026-05-19,17.97,18.55,17.97,18.4,619265,11392268.36
2026-05-20,18.46,18.49,17.83,17.9,705854,12755035.64
2026-05-21,18.0,18.23,17.36,17.42,765467,13616430.47
2026-05-22,17.74,17.74,17.11,17.2,709716,12238724.96
2026-05-25,17.27,17.38,16.85,16.97,576573,9829514.22
2026-05-26,17.12,17.56,16.74,17.24,1228907,20992406.2
2026-05-27,17.42,17.42,16.0,16.18,1577657,25902713.02
2026-05-28,16.12,16.38,15.5,16.14,989381,15695069.65
2026-05-29,16.1,17.09,16.0,16.69,1515343,25199186.13
2026-06-01,16.49,16.94,16.31,16.66,898537,14930767.63
2026-06-02,16.66,16.89,16.31,16.56,690629,11419103.57
2026-06-03,16.63,16.64,16.06,16.25,568080,9266899.68
2026-06-04,16.12,16.27,15.53,15.59,708142,11123505.91
2026-06-05,15.9,16.88,15.9,16.17,1400801,23001074.23
2026-06-08,15.92,16.95,15.82,16.57,1437843,23752357.08
2026-06-09,16.5,16.8,16.15,16.22,784761,12910309.09
2026-06-10,16.02,16.3,15.7,15.79,618149,9805806.07
2026-06-11,15.79,15.79,14.65,14.7,982160,14778435.16
2026-06-12,14.9,15.3,14.6,15.24,847977,12748440.8
2026-06-15,15.23,15.39,14.96,15.2,765384,11572037.11
2026-06-16,15.6,15.6,14.82,14.9,697674,10520023.42
2026-06-17,14.9,15.15,14.46,14.95,823678,12178181.53
2026-06-18,14.88,15.44,14.75,14.98,1146181,17369823.65
2026-06-22,14.88,15.2,14.17,15.09,1185206,17315656.24
2026-06-23,15.47,19.61,15.1,19.3,9385053,177755034.03
2026-06-24,17.2,19.12,17.04,17.56,7315510,129390900.37
2026-06-25,17.0,18.52,16.68,18.1,5365795,93738375.77
2026-06-26,17.99,18.01,16.02,16.3,4699502,78653062.84
2026-06-29,16.16,21.19,15.11,21.19,10865356,208994036.86
2026-06-30,19.99,22.74,19.86,22.42,11126962,238382208.63
2026-07-01,21.9,26.7,20.5,24.22,11164415,256451138.18
2026-07-02,23.2,26.5,22.56,22.65,9017006,217110560.31
2026-07-03,22.93,23.6,20.4,21.8,7523955,162401540.55
2026-07-06,21.61,26.44,20.79,23.73,9780618,230020092.45
2026-07-07,22.8,23.69,21.81,21.88,5942289,132716992.43
2026-07-08,21.69,24.05,21.08,22.5,6824602,155140701.62
2026-07-09,20.66,24.4,20.57,22.29,6761900,151771888.06
2026-07-10,22.09,24.5,21.19,24.45,9515590,222435379.21
2026-07-13,24.4,28.41,23.03,26.44,9960422,258057483.64
2026-07-14,25.51,28.18,24.51,25.94,8704736,229570821.48
2026-07-15,25.09,31.49,25.04,29.2,10972041,314494666.96
2026-07-16,28.0,36.8,27.59,35.22,13315559,422583760.16
2026-07-17,33.5,37.51,29.52,31.0,10456032,351485941.34
2026-07-20,26.26,31.98,24.6,25.28,8849674,249177850.7
2026-07-21,25.53,28.2,23.81,28.17,9774985,251737127.98
2026-07-22,27.28,31.53,27.1,30.74,9248001,276982921.8
2026-07-23,30.15,31.2,29.0,29.21,6493927,194327430.22
2026-07-24,28.86,29.8,25.45,25.45,7085924,190220027.36
2026-07-27,24.33,27.64,24.33,25.73,7445489,196095623.86
2026-07-28,25.74,27.38,22.05,23.22,9134470,226471916.05
2026-07-29,22.85,23.2,20.39,20.5,7877853,169867340.66
2026-07-30,20.5,21.67,19.01,19.31,6865536,141243866.95
2026-07-31,18.5,20.35,18.5,19.62,5066708,99751617.9
2026-08-03,19.88,20.2,19.1,19.39,3258653,63777675.68
2026-08-04,20.23,21.99,20.12,20.91,6627255,137820912.17
2026-08-05,20.32,21.85,20.32,21.7,6363015,135120647.98
2026-08-06,22.38,23.67,21.12,23.27,9417529,212338348.12
2026-08-07,22.94,25.36,22.65,24.5,8963274,218965343.58
2026-08-10,24.52,27.52,24.52,24.74,9427297,243938582.78
2026-08-11,23.58,25.86,23.58,24.38,7956460,198766242.6
2026-08-12,23.92,25.61,23.74,24.02,6600468,162086184.27
2026-08-13,23.58,31.22,22.71,31.13,13895649,378548380.58
2026-08-14,28.5,30.39,28.0,29.39,11503096,334611007.1
2026-08-17,28.9,31.48,27.77,30.69,9753893,290530648.04
2026-08-18,30.5,31.87,28.3,29.12,7525565,223644595.2
2026-08-19,28.92,33.78,28.28,29.75,9916341,308620587.57
2026-08-20,32.0,34.1,29.6,29.63,9233735,291946750.09
2026-08-21,27.01,28.87,26.72,27.53,7388549,203573581.48
2026-08-24,27.54,28.77,25.58,26.09,6219392,168500364.26
2026-08-25,25.86,27.88,24.51,27.45,6512373,175158095.99
2026-08-26,27.0,28.67,25.32,25.5,6617730,174156054.6
2026-08-27,25.5,26.55,24.99,26.54,6046863,156045174.02
2026-08-28,26.5,26.5,24.51,24.54,5630583,143143927.14
2026-08-31,24.4,25.66,23.88,25.38,4130483,102727776.23
2026-09-01,26.2,28.65,25.31,27.98,8285289,223000285.35
2026-09-02,27.72,29.57,27.0,27.62,7436000,208772368.96
2026-09-03,27.0,28.27,26.62,28.21,5461685,149759288.83
2026-09-04,27.73,28.4,26.22,26.39,4806852,132011895.77
2026-09-07,26.12,26.66,25.46,26.63,3562423,93354419.71
2026-09-08,26.09,28.38,24.53,27.75,7780295,204968410.66
